timestamp,close,high,low,trade_count,open,volume,vwap
2025-05-06 16:00:00+00:00,199.505,200.62,198.74,1658,198.82,112238,199.578168
2025-05-06 17:00:00+00:00,199.04,199.99,198.7,1419,199.555,99773,199.253249
2025-05-06 18:00:00+00:00,199.81,199.81,198.8,1325,199.06,83143,199.2864
2025-05-06 19:00:00+00:00,198.445,200.15,198.4,2276,199.81,154646,199.2644
2025-05-07 13:00:00+00:00,197.76,199.3,197.38,2058,199.205,142015,198.154743
2025-05-07 14:00:00+00:00,197.47,199.4,197.46,2008,197.85,153673,198.529256
2025-05-07 15:00:00+00:00,195.1,197.51,193.26,5370,197.51,476700,194.6528
2025-05-07 16:00:00+00:00,195.52,195.65,194.52,1898,195.1,155857,195.049553
2025-05-07 17:00:00+00:00,194.6,195.735,194.24,1759,195.62,118642,195.055456
2025-05-07 18:00:00+00:00,195.46,195.69,193.3,2256,194.67,135555,194.407161
2025-05-07 19:00:00+00:00,196.25,197.39,194.16,3681,195.425,288495,195.753316
2025-05-08 13:00:00+00:00,196.15,198.12,196.09,2083,197.5,168723,196.89447
2025-05-08 14:00:00+00:00,196.665,197.22,194.69,3232,196.02,266324,195.671054
2025-05-08 15:00:00+00:00,199.33,199.75,196.41,2969,196.515,243426,197.97401
2025-05-08 16:00:00+00:00,199.67,200.05,199.03,1544,199.38,119805,199.780116
2025-05-08 17:00:00+00:00,198.315,199.84,198.315,1476,199.76,101369,199.108737
2025-05-08 18:00:00+00:00,198.68,199.235,198.1,1670,198.33,110225,198.67145
2025-05-08 19:00:00+00:00,197.45,199.68,197.17,4465,198.65,406090,198.066829
2025-05-09 13:00:00+00:00,199.725,200.52,198.4,1550,198.6,100847,199.46039
2025-05-09 14:00:00+00:00,198.36,200.24,197.54,2036,199.75,166685,198.821523
2025-05-09 15:00:00+00:00,198.735,199.16,198.14,1390,198.46,92696,198.665854
2025-05-09 16:00:00+00:00,197.965,198.68,197.76,1039,198.68,66998,198.137962
2025-05-09 17:00:00+00:00,198.68,198.8,197.62,1349,198.0,100151,198.208989
2025-05-09 18:00:00+00:00,198.935,199.125,198.47,1169,198.75,79460,198.905077
2025-05-09 19:00:00+00:00,198.49,199.41,198.355,2198,199.07,159418,198.743167
2025-05-12 13:00:00+00:00,208.4,211.23,206.75,4771,211.15,420319,208.172123
2025-05-12 14:00:00+00:00,209.19,210.23,208.47,3881,208.52,295987,209.446901
2025-05-12 15:00:00+00:00,208.41,209.12,208.12,1793,209.12,107509,208.584554
2025-05-12 16:00:00+00:00,209.165,209.51,208.29,1243,208.365,66965,208.898915
2025-05-12 17:00:00+00:00,210.69,210.84,209.21,1382,209.21,80188,210.017837
2025-05-12 18:00:00+00:00,210.58,211.15,210.49,1462,210.65,89427,210.7995
2025-05-12 19:00:00+00:00,210.8,210.9,209.94,3147,210.61,286583,210.446638
2025-05-13 13:00:00+00:00,209.93,211.59,209.16,2781,210.79,215930,210.061377
2025-05-13 14:00:00+00:00,211.49,211.87,209.82,2981,209.83,233906,211.147114
2025-05-13 15:00:00+00:00,210.91,211.6,210.5,1887,211.5,139625,211.223292
2025-05-13 16:00:00+00:00,211.48,211.615,210.65,1464,210.88,100284,211.119208
2025-05-13 17:00:00+00:00,212.52,212.955,211.35,1517,211.495,131077,212.210368
2025-05-13 18:00:00+00:00,212.53,212.74,212.04,1239,212.57,83581,212.413806
2025-05-13 19:00:00+00:00,212.89,213.38,212.51,2988,212.54,184184,213.00409
2025-05-14 13:00:00+00:00,213.08,213.59,211.86,3000,212.34,216533,212.729936
2025-05-14 14:00:00+00:00,213.015,213.92,212.42,2618,213.15,164109,213.053813
2025-05-14 15:00:00+00:00,212.38,213.08,211.9,1849,212.97,103565,212.488332
2025-05-14 16:00:00+00:00,212.01,212.63,211.99,1600,212.36,94542,212.278714
2025-05-14 17:00:00+00:00,211.705,212.025,210.6,1858,212.0,126587,211.315368
2025-05-14 18:00:00+00:00,211.38,212.02,211.22,1362,211.655,90343,211.536803
2025-05-14 19:00:00+00:00,212.3,212.595,211.01,3067,211.34,224779,211.990251
2025-05-15 13:00:00+00:00,210.42,212.49,210.1,2397,211.05,182689,211.332506
2025-05-15 14:00:00+00:00,211.92,211.93,209.55,2392,210.42,174315,210.772232
2025-05-15 15:00:00+00:00,211.95,212.96,211.29,2273,211.93,160991,212.230376
2025-05-15 16:00:00+00:00,212.02,212.19,211.22,1578,212.0,100878,211.755121
2025-05-15 17:00:00+00:00,211.15,212.27,211.07,1193,212.01,78040,211.810263
2025-05-15 18:00:00+00:00,210.65,211.32,210.28,2033,211.2,137063,210.806126
2025-05-15 19:00:00+00:00,211.33,211.33,210.15,3383,210.66,270011,210.878649
2025-05-16 13:00:00+00:00,211.74,212.42,211.04,1736,211.9,155579,211.792574
2025-05-16 14:00:00+00:00,210.24,211.84,209.79,2185,211.56,147259,210.705201
2025-05-16 15:00:00+00:00,210.67,210.9,209.95,1438,210.26,95392,210.396182
2025-05-16 16:00:00+00:00,210.93,211.165,210.5,1084,210.64,67765,210.886356
2025-05-16 17:00:00+00:00,210.97,211.41,210.73,838,210.9,52131,211.065741
2025-05-16 18:00:00+00:00,211.525,211.89,210.93,1120,210.975,82695,211.57291
2025-05-16 19:00:00+00:00,211.21,211.92,211.13,2204,211.515,142624,211.461307
2025-05-19 13:00:00+00:00,205.73,208.17,204.29,3394,208.0,261164,205.623218
2025-05-19 14:00:00+00:00,207.55,207.58,205.71,3376,205.71,271057,206.886397
2025-05-19 15:00:00+00:00,207.67,208.04,207.0,2427,207.55,160724,207.613455
2025-05-19 16:00:00+00:00,208.57,208.7,207.63,1733,207.64,124489,208.255938
2025-05-19 17:00:00+00:00,208.41,209.47,208.35,1437,208.57,102367,208.948771
2025-05-19 18:00:00+00:00,208.675,208.73,207.79,1584,208.41,101048,208.244935
2025-05-19 19:00:00+00:00,208.75,208.93,207.97,2793,208.68,201946,208.446428
2025-05-20 13:00:00+00:00,207.49,208.215,206.48,2117,207.85,194270,207.214857
2025-05-20 14:00:00+00:00,207.59,208.465,207.13,2180,207.47,187563,207.826276
2025-05-20 15:00:00+00:00,207.87,208.43,207.11,1879,207.55,162959,207.708665
2025-05-20 16:00:00+00:00,207.6,208.05,207.51,1342,207.905,96408,207.818369
2025-05-20 17:00:00+00:00,206.86,207.72,206.71,1437,207.58,99380,207.213098
2025-05-20 18:00:00+00:00,205.33,206.82,205.23,2583,206.805,182843,205.776622
2025-05-20 19:00:00+00:00,206.87,206.93,205.04,3272,205.25,254095,206.184762
2025-05-21 13:00:00+00:00,205.44,205.77,204.07,2095,205.24,160002,204.97256
2025-05-21 14:00:00+00:00,206.185,206.77,205.04,2418,205.495,181614,205.987855
2025-05-21 15:00:00+00:00,206.025,207.03,205.995,1766,206.25,124808,206.53508
2025-05-21 16:00:00+00:00,205.15,206.25,205.0,1322,205.995,101143,205.751124
2025-05-21 17:00:00+00:00,203.07,205.25,201.86,5266,205.25,486494,203.218283
2025-05-21 18:00:00+00:00,201.38,203.27,200.935,3041,203.19,253190,202.18141
2025-05-21 19:00:00+00:00,202.24,202.48,200.75,3868,201.4,331632,201.675537
2025-05-22 13:00:00+00:00,201.21,201.43,199.71,3583,200.715,306081,200.649345
2025-05-22 14:00:00+00:00,200.89,201.635,200.26,3405,201.21,275025,200.898456
2025-05-22 15:00:00+00:00,201.75,202.28,200.72,2126,200.855,150883,201.377696
2025-05-22 16:00:00+00:00,201.62,202.39,201.61,1455,201.77,92476,201.913176
2025-05-22 17:00:00+00:00,201.895,202.17,201.21,1698,201.7,119927,201.739892
2025-05-22 18:00:00+00:00,202.14,202.25,201.64,1825,201.885,146322,201.928129
2025-05-22 19:00:00+00:00,201.37,202.65,201.005,3463,202.17,289917,201.82465
2025-05-23 12:00:00+00:00,195.39,195.39,195.39,3,195.39,180,195.39
2025-05-23 13:00:00+00:00,196.28,197.045,193.49,5411,194.53,502142,196.22751
2025-05-23 14:00:00+00:00,195.94,197.69,195.7,4364,196.375,337867,196.617854
2025-05-23 15:00:00+00:00,196.16,197.125,195.84,2320,195.94,162579,196.384181
2025-05-23 16:00:00+00:00,196.1,196.67,195.67,2416,196.18,179006,196.032251
2025-05-23 17:00:00+00:00,195.97,196.65,195.58,2950,196.1,244720,196.122464
2025-05-23 18:00:00+00:00,195.52,196.52,195.0,2653,195.97,197865,195.774441
2025-05-23 19:00:00+00:00,195.3,195.96,195.04,5339,195.46,505985,195.424189
2025-05-27 13:00:00+00:00,198.085,199.15,197.435,1870,198.46,173833,198.102203
2025-05-27 14:00:00+00:00,198.17,198.865,197.95,2974,198.09,329949,198.40079
2025-05-27 15:00:00+00:00,200.09,200.09,198.125,2195,198.175,176871,199.175032
2025-05-27 16:00:00+00:00,200.035,200.64,199.9,1647,200.045,134279,200.268229
2025-05-27 17:00:00+00:00,200.53,200.535,199.675,1230,200.06,95804,199.985354
2025-05-27 18:00:00+00:00,200.45,200.725,200.245,1290,200.55,105748,200.459285
2025-05-27 19:00:00+00:00,200.28,200.55,199.95,2959,200.455,273490,200.177949
2025-05-28 13:00:00+00:00,200.075,202.72,199.9,2487,200.7,204258,201.101377
2025-05-28 14:00:00+00:00,200.8,201.05,200.03,1546,200.05,106188,200.565017
2025-05-28 15:00:00+00:00,200.905,201.31,200.59,935,200.78,61748,201.075668
2025-05-28 16:00:00+00:00,201.08,201.35,200.84,666,200.91,38759,201.171546
2025-05-28 17:00:00+00:00,200.855,201.49,200.73,505,201.05,29385,201.076309
2025-05-28 18:00:00+00:00,200.91,201.24,200.325,734,200.88,50367,200.941544
2025-05-28 19:00:00+00:00,200.47,201.52,200.2,1960,200.82,125197,200.907833
2025-05-29 12:00:00+00:00,203.68,203.68,203.68,1,203.68,200,203.68
2025-05-29 13:00:00+00:00,201.3,203.89,201.06,2847,203.75,245885,202.559319
2025-05-29 14:00:00+00:00,201.48,201.66,200.77,2107,201.32,173370,201.169486
2025-05-29 15:00:00+00:00,198.84,201.475,198.715,1760,201.46,145109,200.35867
2025-05-29 16:00:00+00:00,200.13,200.205,198.56,1512,198.86,110018,199.495232
2025-05-29 17:00:00+00:00,199.2,200.43,199.07,1669,200.17,131212,199.870666
2025-05-29 18:00:00+00:00,198.96,199.76,198.78,1589,199.22,111520,199.296426
2025-05-29 19:00:00+00:00,199.94,200.2,198.6,2942,198.9,292870,199.477183
2025-05-30 13:00:00+00:00,198.24,199.58,197.99,2645,199.345,205390,198.615785
2025-05-30 14:00:00+00:00,199.035,199.48,198.21,2590,198.285,192477,199.110492
2025-05-30 15:00:00+00:00,198.925,199.44,198.65,1733,199.035,123799,199.049011
2025-05-30 16:00:00+00:00,197.295,198.98,196.82,2526,198.885,191412,197.897737
2025-05-30 17:00:00+00:00,198.26,198.47,197.22,1394,197.27,81455,198.005437
2025-05-30 18:00:00+00:00,199.32,199.36,198.18,1625,198.27,106308,198.941872
2025-05-30 19:00:00+00:00,200.64,201.95,199.31,4535,199.31,339668,200.673049
2025-06-02 13:00:00+00:00,201.14,202.08,200.21,2107,200.21,201465,201.229165
2025-06-02 14:00:00+00:00,201.43,201.485,200.13,2220,200.94,147619,200.782252
2025-06-02 15:00:00+00:00,201.03,201.985,200.32,2430,201.45,158357,201.014153
2025-06-02 16:00:00+00:00,200.89,201.125,200.59,1072,201.03,65125,200.929897
2025-06-02 17:00:00+00:00,200.885,201.11,200.625,1007,200.925,65495,200.91602
2025-06-02 18:00:00+00:00,201.24,201.53,200.64,1168,200.88,71164,201.170007
2025-06-02 19:00:00+00:00,201.685,201.765,201.16,1989,201.27,129332,201.538877
2025-06-03 13:00:00+00:00,202.57,203.055,200.955,1937,201.49,165833,202.173711
2025-06-03 14:00:00+00:00,202.055,203.23,201.56,2223,202.62,181534,202.171796
2025-06-03 15:00:00+00:00,202.93,202.95,202.06,1284,202.06,84346,202.457839
2025-06-03 16:00:00+00:00,203.155,203.745,202.59,1490,202.93,95795,203.192594
2025-06-03 17:00:00+00:00,203.235,203.76,202.75,1836,203.15,118721,203.31862
2025-06-03 18:00:00+00:00,203.39,203.4,202.51,1354,203.22,97505,202.94572
2025-06-03 19:00:00+00:00,203.33,203.46,202.99,2876,203.395,189595,203.226915
2025-06-04 13:00:00+00:00,205.045,205.35,202.44,2788,202.51,222720,204.350286
2025-06-04 14:00:00+00:00,204.28,206.23,204.01,3731,205.06,290205,205.087781
2025-06-04 15:00:00+00:00,203.36,204.7,202.215,3019,204.285,244398,203.672795
2025-06-04 16:00:00+00:00,203.21,203.38,202.64,1451,203.38,95390,203.029352
2025-06-04 17:00:00+00:00,203.29,203.58,202.88,1177,203.23,76533,203.275528
2025-06-04 18:00:00+00:00,202.945,203.44,202.78,1305,203.3,86001,203.104599
2025-06-04 19:00:00+00:00,202.83,203.435,202.79,3205,202.935,228711,203.037308
2025-06-05 13:00:00+00:00,201.59,203.82,201.36,2211,203.49,156429,202.825342
2025-06-05 14:00:00+00:00,203.23,203.315,201.36,3716,201.575,281014,202.203334
2025-06-05 15:00:00+00:00,204.205,204.74,203.08,3014,203.19,229833,204.129463
2025-06-05 16:00:00+00:00,201.835,204.38,201.71,2498,204.17,177608,203.122594
2025-06-05 17:00:00+00:00,202.37,202.895,201.57,3282,201.835,220169,202.343376
2025-06-05 18:00:00+00:00,202.34,202.7,201.18,2888,202.365,194798,202.12259
2025-06-05 19:00:00+00:00,200.68,202.38,200.17,6720,202.34,586898,200.81789
2025-06-06 13:00:00+00:00,204.505,205.67,203.01,3105,203.01,259675,204.740559
2025-06-06 14:00:00+00:00,203.17,204.68,203.145,3098,204.55,222393,203.894384
2025-06-06 15:00:00+00:00,203.01,204.03,202.88,1956,203.14,136573,203.354622
2025-06-06 16:00:00+00:00,202.705,203.18,202.085,1608,203.055,113959,202.700421
2025-06-06 17:00:00+00:00,204.05,204.14,202.65,1236,202.73,65466,203.574395
2025-06-06 18:00:00+00:00,205.265,205.46,204.06,1810,204.06,112684,204.967491
2025-06-06 19:00:00+00:00,203.96,205.29,203.9,3518,205.235,260798,204.749683
2025-06-09 13:00:00+00:00,204.85,205.5,204.01,1742,204.41,150458,204.745284
2025-06-09 14:00:00+00:00,204.715,206.0,204.53,1871,204.865,135666,205.267385
2025-06-09 15:00:00+00:00,204.43,204.92,204.33,881,204.74,54387,204.620845
2025-06-09 16:00:00+00:00,204.7,204.9,203.79,1078,204.44,67279,204.397462
2025-06-09 17:00:00+00:00,202.47,205.27,200.045,5890,204.73,467040,201.720801
2025-06-09 18:00:00+00:00,201.51,202.615,200.65,3382,202.5,255355,201.472619
2025-06-09 19:00:00+00:00,201.425,202.335,200.88,3358,201.44,242862,201.404682
2025-06-10 13:00:00+00:00,202.19,203.14,200.62,2342,200.62,179699,202.046366
2025-06-10 14:00:00+00:00,204.24,204.33,202.2,2358,202.24,165146,203.197913
2025-06-10 15:00:00+00:00,202.92,204.3,202.32,1726,204.28,128349,203.192562
2025-06-10 16:00:00+00:00,202.58,203.085,202.09,862,202.98,58885,202.521792
2025-06-10 17:00:00+00:00,201.755,202.61,201.32,1938,202.6,189468,201.933012
2025-06-10 18:00:00+00:00,202.67,203.04,201.38,1287,201.73,97168,201.912152
2025-06-10 19:00:00+00:00,202.68,203.21,202.41,2695,202.67,196900,202.746695
2025-06-11 13:00:00+00:00,202.8,204.48,202.5,1506,203.31,101691,203.076898
2025-06-11 14:00:00+00:00,202.15,203.015,201.93,2171,202.79,208078,202.548528
2025-06-11 15:00:00+00:00,200.74,202.22,200.63,2145,202.175,199292,201.268501
2025-06-11 16:00:00+00:00,200.66,200.815,199.68,2563,200.72,205191,200.276671
2025-06-11 17:00:00+00:00,199.87,201.22,199.81,1361,200.65,100413,200.508064
2025-06-11 18:00:00+00:00,199.05,199.98,198.73,2467,199.91,213077,199.187675
2025-06-11 19:00:00+00:00,198.82,199.32,198.43,3734,199.04,323701,198.854205
2025-06-12 13:00:00+00:00,197.94,199.365,197.75,2231,198.98,231592,198.395518
2025-06-12 14:00:00+00:00,198.27,198.575,197.37,3402,197.92,396938,198.273655
2025-06-12 15:00:00+00:00,198.28,198.9,197.76,2288,198.3,272302,198.500188
2025-06-12 16:00:00+00:00,198.595,198.96,198.115,2165,198.295,207444,198.560545
2025-06-12 17:00:00+00:00,199.0,199.68,198.475,1632,198.57,139983,199.195035
2025-06-12 18:00:00+00:00,198.985,199.18,198.55,1665,198.94,108875,198.836711
2025-06-12 19:00:00+00:00,199.095,199.12,198.42,2110,199.005,149413,198.857023
2025-06-13 13:00:00+00:00,196.89,200.3,196.775,2484,199.87,226981,198.80021
2025-06-13 14:00:00+00:00,197.11,197.37,195.94,2302,197.145,174068,196.539115
2025-06-13 15:00:00+00:00,197.685,197.86,196.995,1740,197.11,109386,197.427141
2025-06-13 16:00:00+00:00,197.455,198.04,197.1,1424,197.51,106186,197.529955
2025-06-13 17:00:00+00:00,197.54,197.7,196.94,1123,197.41,71915,197.325051
2025-06-13 18:00:00+00:00,196.46,197.65,195.84,1696,197.5,111831,196.418172
2025-06-13 19:00:00+00:00,196.37,196.685,195.78,3433,196.42,271198,196.141049
2025-06-16 12:00:00+00:00,197.65,197.65,197.65,1,197.65,200,197.65
2025-06-16 13:00:00+00:00,198.32,198.33,196.63,2419,197.31,197107,197.284365
2025-06-16 14:00:00+00:00,198.25,198.66,197.675,2760,198.415,230166,198.20957
2025-06-16 15:00:00+00:00,197.38,198.22,196.87,2287,198.22,187924,197.370641
2025-06-16 16:00:00+00:00,197.48,197.615,197.02,1099,197.335,81237,197.305882
2025-06-16 17:00:00+00:00,197.85,198.175,197.34,1258,197.515,87125,197.819542
2025-06-16 18:00:00+00:00,198.32,198.38,197.79,1279,197.84,86351,197.962121
2025-06-16 19:00:00+00:00,198.42,198.47,197.67,2356,198.305,213018,198.154431
2025-06-17 13:00:00+00:00,196.79,197.87,196.27,1481,197.4,106898,196.92458
2025-06-17 14:00:00+00:00,197.36,197.89,196.74,1628,196.89,109977,197.394447
2025-06-17 15:00:00+00:00,197.79,198.37,197.36,1006,197.375,85543,197.815769
2025-06-17 16:00:00+00:00,196.77,198.145,196.71,1204,197.79,103051,197.508725
2025-06-17 17:00:00+00:00,196.14,196.85,195.965,1204,196.765,81389,196.50947
2025-06-17 18:00:00+00:00,195.82,196.03,195.22,1279,196.0,83631,195.682629
2025-06-17 19:00:00+00:00,195.62,195.905,195.45,2825,195.87,228525,195.651792
2025-06-18 13:00:00+00:00,196.37,196.47,195.07,1548,195.875,122850,195.749788
2025-06-18 14:00:00+00:00,197.22,197.535,196.25,1670,196.39,117922,197.104139
2025-06-18 15:00:00+00:00,196.735,197.295,196.51,1294,197.265,90690,196.823297
2025-06-18 16:00:00+00:00,196.445,197.21,196.425,913,196.775,62463,196.862076
2025-06-18 17:00:00+00:00,196.46,196.83,195.81,878,196.46,78943,196.370238
2025-06-18 18:00:00+00:00,195.39,196.91,195.13,1481,196.8,107592,195.905566
2025-06-18 19:00:00+00:00,196.295,197.11,195.15,3097,195.23,336126,196.239123
2025-06-20 12:00:00+00:00,197.44,197.44,197.42,5,197.42,325,197.431304
2025-06-20 13:00:00+00:00,199.78,200.94,197.36,2617,197.4,242410,199.816626
2025-06-20 14:00:00+00:00,197.27,199.93,197.035,2742,199.85,239542,198.790222
2025-06-20 15:00:00+00:00,198.03,198.86,196.86,1544,197.23,135940,197.91127
2025-06-20 16:00:00+00:00,198.83,198.92,197.925,1056,198.07,97222,198.303789
2025-06-20 17:00:00+00:00,199.13,199.345,198.08,1375,198.84,106102,198.651467
2025-06-20 18:00:00+00:00,199.73,200.19,199.145,1694,199.145,129972,199.801166
2025-06-20 19:00:00+00:00,201.03,201.66,199.61,4114,199.7,357085,200.479922
2025-06-23 13:00:00+00:00,201.73,201.9,199.965,2013,201.625,192574,201.112123
2025-06-23 14:00:00+00:00,200.41,202.29,200.4,2445,201.72,216161,201.477347
2025-06-23 15:00:00+00:00,199.88,200.86,199.52,2311,200.37,235830,200.210124
2025-06-23 16:00:00+00:00,199.71,200.53,198.96,1574,199.895,131881,199.896392
2025-06-23 17:00:00+00:00,201.23,201.78,199.66,1582,199.72,130298,201.024333
2025-06-23 18:00:00+00:00,201.45,202.24,201.24,1380,201.27,105726,201.783796
2025-06-23 19:00:00+00:00,201.53,201.84,201.06,2333,201.42,166072,201.469738
2025-06-24 13:00:00+00:00,200.4,202.735,200.22,2197,202.59,178631,201.610272
2025-06-24 14:00:00+00:00,200.975,201.57,200.22,2629,200.37,241288,201.057142
2025-06-24 15:00:00+00:00,201.895,202.08,200.805,2357,200.95,164836,201.432624
2025-06-24 16:00:00+00:00,202.4,203.435,201.81,2945,201.91,314942,202.670395
2025-06-24 17:00:00+00:00,202.21,202.52,201.88,2364,202.42,222205,202.215601
2025-06-24 18:00:00+00:00,201.43,202.265,201.305,1971,202.21,187257,201.640667
2025-06-24 19:00:00+00:00,200.3,202.01,200.285,3925,201.445,388761,201.088696
2025-06-25 13:00:00+00:00,201.74,203.67,201.21,2595,201.425,212346,202.461984
2025-06-25 14:00:00+00:00,202.5,203.175,201.26,2227,201.745,184160,202.130597
2025-06-25 15:00:00+00:00,202.01,202.54,201.83,1595,202.43,148780,202.105108
2025-06-25 16:00:00+00:00,202.06,202.17,201.405,1233,201.99,89842,201.788907
2025-06-25 17:00:00+00:00,200.99,202.075,200.67,1335,202.04,103311,201.181599
2025-06-25 18:00:00+00:00,201.07,201.46,200.89,924,200.965,52632,201.082099
2025-06-25 19:00:00+00:00,201.55,201.59,200.89,2229,201.1,181395,201.18901
2025-06-26 13:00:00+00:00,200.975,202.575,199.69,2514,201.26,227904,200.871061
2025-06-26 14:00:00+00:00,200.185,201.34,199.66,2275,201.025,176031,200.345915
2025-06-26 15:00:00+00:00,200.0,200.51,199.46,2315,200.38,182350,199.978385
2025-06-26 16:00:00+00:00,199.985,200.76,199.82,1896,200.005,134851,200.153115
2025-06-26 17:00:00+00:00,200.625,200.71,199.645,1751,199.985,145470,200.072437
2025-06-26 18:00:00+00:00,200.975,201.355,200.465,1920,200.635,134011,200.956564
2025-06-26 19:00:00+00:00,201.05,201.56,200.78,2897,201.01,248363,201.183763
2025-06-27 13:00:00+00:00,202.82,203.2,201.31,2513,201.905,252468,202.462142
2025-06-27 14:00:00+00:00,201.21,202.985,200.87,3014,202.83,285451,201.871804
2025-06-27 15:00:00+00:00,201.905,202.045,200.955,1535,201.2,139720,201.424694
2025-06-27 16:00:00+00:00,202.58,202.62,201.575,1733,201.835,147487,202.00035
2025-06-27 17:00:00+00:00,201.375,202.67,200.93,1997,202.615,172666,201.839362
2025-06-27 18:00:00+00:00,200.91,201.64,200.8,1936,201.37,156557,201.235752
2025-06-27 19:00:00+00:00,201.05,201.425,200.2,3621,200.88,364709,201.032323
2025-06-30 13:00:00+00:00,200.75,202.17,200.57,1628,202.02,124276,201.097233
2025-06-30 14:00:00+00:00,199.92,201.35,199.595,3188,200.755,273218,200.545035
2025-06-30 15:00:00+00:00,200.01,200.27,199.655,1684,199.945,124349,200.016613
2025-06-30 16:00:00+00:00,200.07,200.48,199.845,1365,200.06,117357,200.166986
2025-06-30 17:00:00+00:00,200.29,200.33,199.92,1364,200.105,120135,200.09892
2025-06-30 18:00:00+00:00,201.89,202.35,199.27,3281,200.28,282627,200.589155
2025-06-30 19:00:00+00:00,205.17,207.36,201.885,9270,201.9,831401,205.712007
2025-07-01 13:00:00+00:00,209.07,209.105,206.2,5224,206.725,485038,207.674757
2025-07-01 14:00:00+00:00,208.95,209.89,207.51,5518,209.06,473990,208.994363
2025-07-01 15:00:00+00:00,207.29,210.18,206.79,4152,208.94,366629,208.61287
2025-07-01 16:00:00+00:00,207.18,208.52,207.16,2857,207.32,254421,207.952533
2025-07-01 17:00:00+00:00,208.14,208.35,207.1,2532,207.27,171460,207.806848
2025-07-01 18:00:00+00:00,208.01,208.415,207.87,2150,208.15,160371,208.109355
2025-07-01 19:00:00+00:00,207.815,208.345,207.38,4079,207.94,307370,207.844371
2025-07-02 13:00:00+00:00,212.46,213.32,208.15,4755,208.995,386029,211.266942
2025-07-02 14:00:00+00:00,211.815,212.95,211.28,4501,212.555,370599,212.151442
2025-07-02 15:00:00+00:00,211.56,212.53,211.245,2392,211.98,150778,211.842241
2025-07-02 16:00:00+00:00,211.11,211.9,210.27,1772,211.57,108153,211.021833
2025-07-02 17:00:00+00:00,211.6,211.705,210.43,1468,211.145,98882,211.067178
2025-07-02 18:00:00+00:00,212.29,212.5,211.17,1596,211.56,102038,211.720706
2025-07-02 19:00:00+00:00,212.4,212.96,211.86,3925,212.23,317960,212.421723
2025-07-03 13:00:00+00:00,213.31,213.77,211.825,2512,212.17,208183,212.793919
2025-07-03 14:00:00+00:00,213.96,214.405,213.05,3690,213.395,375444,213.841258
2025-07-03 15:00:00+00:00,214.335,214.625,213.68,2872,213.97,298597,214.154284
2025-07-03 16:00:00+00:00,213.5,214.485,213.345,3353,214.36,332239,213.973279
2025-07-03 17:00:00+00:00,213.36,213.4,213.32,4,213.4,400,213.3525
2025-07-07 13:00:00+00:00,212.885,216.2,212.5,3308,212.81,284544,213.921489
2025-07-07 14:00:00+00:00,212.09,213.12,211.63,2305,212.895,181465,212.247197
2025-07-07 15:00:00+00:00,211.75,212.57,211.53,2002,212.1,174875,212.043325
2025-07-07 16:00:00+00:00,210.63,212.2,209.91,2528,211.76,218268,210.928816
2025-07-07 17:00:00+00:00,209.99,210.69,209.52,1588,210.635,134015,210.048973
2025-07-07 18:00:00+00:00,209.75,210.2,208.835,1909,210.05,161864,209.454554
2025-07-07 19:00:00+00:00,209.94,210.17,209.22,2619,209.76,198156,209.664451
2025-07-08 13:00:00+00:00,208.635,210.455,208.51,2598,210.01,209501,209.125598
2025-07-08 14:00:00+00:00,210.73,210.82,208.47,2746,208.65,225216,209.766024
2025-07-08 15:00:00+00:00,210.55,211.43,209.79,1983,210.74,150976,210.456379
2025-07-08 16:00:00+00:00,210.33,211.15,210.27,1233,210.61,89986,210.722739
2025-07-08 17:00:00+00:00,209.84,210.42,209.335,1439,210.275,111942,209.838174
2025-07-08 18:00:00+00:00,209.695,210.25,209.57,1084,209.79,67494,209.896679
2025-07-08 19:00:00+00:00,210.095,210.29,209.31,2505,209.625,180727,209.749953
2025-07-09 13:00:00+00:00,209.86,210.88,209.4,1880,209.51,143044,210.010482
2025-07-09 14:00:00+00:00,207.655,210.49,207.46,2589,209.88,208783,209.213492
2025-07-09 15:00:00+00:00,207.735,207.95,207.24,1872,207.63,140866,207.572178
2025-07-09 16:00:00+00:00,208.23,208.405,207.56,1103,207.75,97139,207.951666
2025-07-09 17:00:00+00:00,209.2,209.36,207.97,1215,208.19,82213,208.731477
2025-07-09 18:00:00+00:00,209.93,210.05,209.17,1055,209.22,80506,209.660042
2025-07-09 19:00:00+00:00,211.13,211.3,209.67,2500,210.03,197247,210.573809
2025-07-09 20:00:00+00:00,211.1,211.1,211.1,1,211.1,100,211.1
2025-07-10 13:00:00+00:00,211.275,211.28,210.24,1494,210.51,117812,210.689909
2025-07-10 14:00:00+00:00,212.19,213.475,210.72,3328,211.275,318497,212.30045
2025-07-10 15:00:00+00:00,212.41,213.29,212.255,1780,212.38,167855,212.792287
2025-07-10 16:00:00+00:00,212.01,212.395,211.85,1342,212.38,113397,212.089282
2025-07-10 17:00:00+00:00,212.38,213.15,211.935,1205,212.03,91955,212.536205
2025-07-10 18:00:00+00:00,212.925,213.14,212.32,1290,212.42,117816,212.81348
2025-07-10 19:00:00+00:00,212.36,213.42,212.165,2839,212.905,212288,212.619064
2025-07-11 13:00:00+00:00,211.025,211.095,209.87,1704,210.37,140796,210.387357
2025-07-11 14:00:00+00:00,210.985,212.12,210.8,1601,211.015,117659,211.43372
2025-07-11 15:00:00+00:00,210.65,211.195,210.435,1635,210.99,144943,210.777845
2025-07-11 16:00:00+00:00,211.03,211.06,210.46,1642,210.67,155554,210.729847
2025-07-11 17:00:00+00:00,211.215,211.26,210.9,901,211.0,54788,211.116108
2025-07-11 18:00:00+00:00,211.14,211.64,211.055,944,211.25,72378,211.390733
2025-07-11 19:00:00+00:00,211.08,211.37,210.66,2049,211.12,126526,211.113728
2025-07-14 13:00:00+00:00,207.88,210.85,207.7,1946,209.945,159443,209.069868
2025-07-14 14:00:00+00:00,208.485,208.74,207.57,1910,207.85,155688,208.207778
2025-07-14 15:00:00+00:00,208.84,209.14,208.21,1517,208.535,135233,208.715528
2025-07-14 16:00:00+00:00,208.9,209.245,208.7,1087,208.88,76683,208.981861
2025-07-14 17:00:00+00:00,209.155,209.32,208.77,1087,208.91,71836,209.089718
2025-07-14 18:00:00+00:00,209.3,209.44,208.965,1193,209.195,72570,209.19392
2025-07-14 19:00:00+00:00,208.65,209.355,208.53,2696,209.33,180751,208.949701
2025-07-15 13:00:00+00:00,209.645,211.11,208.965,1939,209.215,130179,210.161305
2025-07-15 14:00:00+00:00,209.39,210.285,209.215,2205,209.655,179632,209.778416
2025-07-15 15:00:00+00:00,210.78,211.89,209.27,2007,209.365,142366,210.84096
2025-07-15 16:00:00+00:00,210.57,210.94,210.38,1172,210.76,73539,210.669451
2025-07-15 17:00:00+00:00,211.28,211.335,210.44,849,210.62,46707,210.919357
2025-07-15 18:00:00+00:00,210.53,211.665,210.45,1230,211.26,79926,211.175592
2025-07-15 19:00:00+00:00,209.025,210.66,209.0,2010,210.49,123718,209.920056
2025-07-16 13:00:00+00:00,211.07,211.19,209.915,2144,210.06,176353,210.682119
2025-07-16 14:00:00+00:00,210.62,212.375,210.53,3104,211.06,252159,211.506878
2025-07-16 15:00:00+00:00,209.86,210.97,208.66,2415,210.81,175298,209.83383
2025-07-16 16:00:00+00:00,210.38,210.43,209.375,935,209.8,69657,209.861633
2025-07-16 17:00:00+00:00,210.275,210.94,210.205,1019,210.37,64282,210.533041
2025-07-16 18:00:00+00:00,210.43,210.45,209.9,588,210.26,33772,210.169952
2025-07-16 19:00:00+00:00,210.16,210.635,209.98,2132,210.41,200961,210.227797
2025-07-17 13:00:00+00:00,210.26,210.98,209.985,1356,210.64,93171,210.450852
2025-07-17 14:00:00+00:00,210.21,210.59,209.61,1619,210.315,106639,210.089825
2025-07-17 15:00:00+00:00,210.65,210.825,210.12,1809,210.19,193633,210.382915
2025-07-17 16:00:00+00:00,211.005,211.51,210.54,1971,210.65,180193,211.106119
2025-07-17 17:00:00+00:00,211.49,211.495,210.81,1362,211.0,107592,211.111589
2025-07-17 18:00:00+00:00,210.93,211.795,210.87,1508,211.485,126893,211.20499
2025-07-17 19:00:00+00:00,210.13,211.055,209.75,2762,210.94,259038,210.53077
2025-07-18 13:00:00+00:00,210.36,211.01,209.92,1411,210.58,123421,210.284549
2025-07-18 14:00:00+00:00,210.57,211.01,209.73,1834,210.44,141711,210.2877
2025-07-18 15:00:00+00:00,211.04,211.1,210.435,1456,210.49,101766,210.849501
2025-07-18 16:00:00+00:00,211.34,211.78,210.7,1244,211.055,86957,211.18775
2025-07-18 17:00:00+00:00,211.09,211.535,210.98,1216,211.31,79768,211.245575
2025-07-18 18:00:00+00:00,210.945,211.245,210.775,1162,211.09,64413,210.964947
2025-07-18 19:00:00+00:00,211.16,211.33,210.85,1943,210.98,132892,211.0138
2025-07-21 13:00:00+00:00,214.01,215.775,211.69,3275,212.12,272054,214.163985
2025-07-21 14:00:00+00:00,213.4,215.165,213.31,2482,214.06,200537,214.246444
2025-07-21 15:00:00+00:00,213.35,213.705,212.88,1316,213.36,101625,213.312689
2025-07-21 16:00:00+00:00,213.545,213.85,213.17,968,213.37,69748,213.422234
2025-07-21 17:00:00+00:00,212.91,213.73,212.9,1038,213.54,74631,213.406852
2025-07-21 18:00:00+00:00,213.09,213.42,212.505,876,212.91,58361,212.990269
2025-07-21 19:00:00+00:00,212.53,213.095,212.095,1926,213.095,167975,212.470464
2025-07-22 13:00:00+00:00,213.58,213.96,212.255,2032,213.24,182142,213.066046
2025-07-22 14:00:00+00:00,213.18,213.725,212.68,2499,213.52,223997,213.140466
2025-07-22 15:00:00+00:00,213.28,213.82,212.79,1773,213.22,129645,213.265635
2025-07-22 16:00:00+00:00,213.425,213.71,212.89,1209,213.2,100054,213.260247
2025-07-22 17:00:00+00:00,213.815,214.42,213.375,1377,213.405,92571,214.018617
2025-07-22 18:00:00+00:00,214.17,214.2,213.45,920,213.875,59940,213.910271
2025-07-22 19:00:00+00:00,214.43,214.635,213.825,2524,214.14,176111,214.260465
2025-07-23 13:00:00+00:00,212.565,215.115,212.46,2083,215.02,168202,213.602661
2025-07-23 14:00:00+00:00,212.67,213.145,212.45,2033,212.555,157995,212.798002
2025-07-23 15:00:00+00:00,213.355,213.77,212.66,1295,212.72,105438,213.019035
2025-07-23 16:00:00+00:00,213.595,213.72,213.22,922,213.26,58229,213.461133
2025-07-23 17:00:00+00:00,214.48,214.615,213.535,1120,213.61,70604,214.198885
2025-07-23 18:00:00+00:00,214.56,214.675,214.26,1305,214.52,81141,214.47303
2025-07-23 19:00:00+00:00,214.23,214.63,213.63,2139,214.59,137079,214.079027
2025-07-24 13:00:00+00:00,213.85,215.68,213.53,2005,213.9,172170,214.532442
2025-07-24 14:00:00+00:00,214.32,214.83,213.615,2153,213.85,200595,214.340976
2025-07-24 15:00:00+00:00,214.95,215.485,214.34,2103,214.34,172024,214.978029
2025-07-24 16:00:00+00:00,214.67,214.79,214.21,1212,214.79,103791,214.477928
2025-07-24 17:00:00+00:00,214.685,215.17,214.56,857,214.66,72716,214.807722
2025-07-24 18:00:00+00:00,214.52,215.19,214.33,851,214.72,62725,214.706352
2025-07-24 19:00:00+00:00,213.765,215.0,213.74,2340,214.51,188884,214.379463
2025-07-25 13:00:00+00:00,214.05,214.825,213.825,1407,214.7,128096,214.320431
2025-07-25 14:00:00+00:00,214.71,215.24,213.75,1384,214.085,107835,214.491401
2025-07-25 15:00:00+00:00,214.23,214.74,214.14,1109,214.72,88958,214.352161
2025-07-25 16:00:00+00:00,214.405,214.615,214.08,921,214.21,84443,214.456944
2025-07-25 17:00:00+00:00,213.965,214.5,213.93,1124,214.37,100950,214.182237
2025-07-25 18:00:00+00:00,213.775,214.15,213.705,831,214.015,70842,213.926806
2025-07-25 19:00:00+00:00,213.96,214.0,213.4,1794,213.8,147337,213.763569
2025-07-28 13:00:00+00:00,213.94,214.6,213.625,1439,214.04,117908,214.013124
2025-07-28 14:00:00+00:00,214.46,214.845,213.87,1948,213.925,152562,214.508644
2025-07-28 15:00:00+00:00,214.45,214.59,214.13,1435,214.415,109562,214.420121
2025-07-28 16:00:00+00:00,214.33,214.73,214.24,967,214.43,68178,214.433993
2025-07-28 17:00:00+00:00,213.725,214.44,213.42,1654,214.34,113372,213.937439
2025-07-28 18:00:00+00:00,213.12,213.97,213.07,2050,213.81,155308,213.602513
2025-07-28 19:00:00+00:00,214.0,214.04,213.075,2792,213.13,202275,213.602008
2025-07-29 13:00:00+00:00,212.52,214.8,211.54,2068,214.175,191855,213.761367
2025-07-29 14:00:00+00:00,212.61,213.345,212.12,2051,212.485,200249,212.730712
2025-07-29 15:00:00+00:00,212.525,212.74,211.7,1806,212.605,164421,212.248718
2025-07-29 16:00:00+00:00,212.195,212.915,211.86,1470,212.525,130513,212.380806
2025-07-29 17:00:00+00:00,212.06,212.37,210.88,1562,212.14,147122,211.953217
2025-07-29 18:00:00+00:00,211.985,212.41,211.83,969,212.05,68986,212.162809
2025-07-29 19:00:00+00:00,211.27,212.03,211.065,2357,211.98,203907,211.539225
2025-07-30 13:00:00+00:00,210.46,212.37,210.03,1419,211.895,101327,211.016136
2025-07-30 14:00:00+00:00,210.46,210.845,210.12,1716,210.37,122121,210.532861
2025-07-30 15:00:00+00:00,210.16,210.58,209.58,1456,210.46,101705,209.927369
2025-07-30 16:00:00+00:00,209.565,210.41,209.525,1282,210.13,85287,210.048502
2025-07-30 17:00:00+00:00,209.92,210.13,209.335,1187,209.585,69766,209.77787
2025-07-30 18:00:00+00:00,208.31,210.14,208.31,2281,209.92,140044,209.51096
2025-07-30 19:00:00+00:00,208.96,209.1,207.73,3129,208.325,206578,208.478175
2025-07-31 12:00:00+00:00,209.45,209.45,209.38,8,209.38,775,209.406296
2025-07-31 13:00:00+00:00,208.455,209.85,207.9,2085,209.56,174117,208.680223
2025-07-31 14:00:00+00:00,208.99,209.65,208.39,3031,208.595,263431,209.065684
2025-07-31 15:00:00+00:00,208.66,209.23,208.085,2561,209.07,176617,208.576767
2025-07-31 16:00:00+00:00,209.07,209.36,208.63,1514,208.65,122584,209.013004
2025-07-31 17:00:00+00:00,208.31,209.84,208.15,2320,209.005,209370,209.055122
2025-07-31 18:00:00+00:00,208.94,209.24,207.58,2749,208.35,225794,208.52621
2025-07-31 19:00:00+00:00,207.85,209.38,207.18,5089,208.995,441219,208.251789
2025-07-31 20:00:00+00:00,210.21,213.99,209.52,303,211.69,17355,212.041153
2025-08-01 12:00:00+00:00,211.24,211.24,211.23,13,211.23,437,211.233333
2025-08-01 13:00:00+00:00,207.11,213.56,206.33,6046,211.15,453799,209.727096
2025-08-01 14:00:00+00:00,204.035,207.47,203.66,6310,207.045,489144,205.391319
2025-08-01 15:00:00+00:00,203.735,204.57,203.11,3018,204.055,215121,203.911785
2025-08-01 16:00:00+00:00,202.095,204.01,201.98,2826,203.75,197048,202.995277
2025-08-01 17:00:00+00:00,202.16,202.54,201.5,2477,202.1,177238,201.9744
2025-08-01 18:00:00+00:00,203.81,204.285,202.19,2985,202.23,177127,203.361881
2025-08-01 19:00:00+00:00,202.3,204.0,202.18,4175,203.795,284106,202.876262
2025-08-04 13:00:00+00:00,206.22,206.29,204.195,2541,204.21,196651,205.505971
2025-08-04 14:00:00+00:00,207.19,207.85,205.965,3648,206.2,346490,206.790892
2025-08-04 15:00:00+00:00,205.29,207.38,205.27,2346,207.195,220901,205.953801
2025-08-04 16:00:00+00:00,204.08,205.5,203.88,2581,205.275,268174,204.417567
2025-08-04 17:00:00+00:00,203.73,204.475,203.58,1723,204.125,168602,204.046168
2025-08-04 18:00:00+00:00,202.58,204.2,202.08,2398,203.7,246217,203.202025
2025-08-04 19:00:00+00:00,203.35,203.445,201.68,4169,202.59,428285,202.540451
2025-08-05 13:00:00+00:00,203.45,204.22,202.165,1854,203.43,161763,203.099616
2025-08-05 14:00:00+00:00,204.23,204.775,202.96,2680,203.36,221616,204.087973
2025-08-05 15:00:00+00:00,203.91,205.32,203.68,2244,204.225,177252,204.451389
2025-08-05 16:00:00+00:00,203.855,203.93,203.08,1410,203.93,94714,203.564381
2025-08-05 17:00:00+00:00,204.02,204.15,203.75,873,203.81,58946,203.969934
2025-08-05 18:00:00+00:00,203.595,204.29,203.23,1110,204.01,93452,203.853026
2025-08-05 19:00:00+00:00,202.93,203.66,202.69,2341,203.6,160441,203.089542
2025-08-06 13:00:00+00:00,209.53,210.32,205.61,3603,205.63,256777,208.847317
2025-08-06 14:00:00+00:00,211.075,212.255,209.5,4092,209.54,382931,210.910458
2025-08-06 15:00:00+00:00,214.65,214.88,210.68,5232,211.08,488943,213.367448
2025-08-06 16:00:00+00:00,214.485,214.99,213.88,2926,214.65,250996,214.628624
2025-08-06 17:00:00+00:00,214.38,215.38,214.055,2512,214.485,221863,214.703315
2025-08-06 18:00:00+00:00,214.42,214.91,214.185,2003,214.295,138441,214.593125
2025-08-06 19:00:00+00:00,213.275,214.55,212.81,4702,214.38,439102,213.742131
2025-08-07 13:00:00+00:00,219.6,220.31,216.62,6134,218.92,519503,218.60548
2025-08-07 14:00:00+00:00,219.1,219.96,217.58,5594,219.63,444299,218.592697
2025-08-07 15:00:00+00:00,219.61,220.19,219.0,5467,219.145,524865,219.420166
2025-08-07 16:00:00+00:00,219.245,220.33,218.84,3472,219.6,345077,219.751067
2025-08-07 17:00:00+00:00,219.27,219.57,218.71,2392,219.25,168620,219.240569
2025-08-07 18:00:00+00:00,220.455,220.84,219.05,2851,219.36,201969,219.928154
2025-08-07 19:00:00+00:00,220.17,220.565,219.24,4269,220.465,302732,219.810563
2025-08-08 13:00:00+00:00,222.17,222.29,219.3,2359,220.89,183388,220.428593
2025-08-08 14:00:00+00:00,222.95,223.55,221.835,4916,222.23,467545,222.740481
2025-08-08 15:00:00+00:00,226.0,226.31,222.9,4462,222.96,439844,224.810276
2025-08-08 16:00:00+00:00,229.82,230.545,225.905,6535,225.94,724124,228.50832
2025-08-08 17:00:00+00:00,230.335,230.88,228.55,4057,229.775,372992,229.753808
2025-08-08 18:00:00+00:00,229.105,230.99,229.07,2768,230.22,202340,229.782453
2025-08-08 19:00:00+00:00,229.365,229.675,228.48,5423,229.15,440251,229.153794
2025-08-11 13:00:00+00:00,226.03,228.64,224.78,2606,227.92,215857,226.224461
2025-08-11 14:00:00+00:00,226.525,227.88,225.85,3390,225.96,238592,226.979313
2025-08-11 15:00:00+00:00,228.64,228.955,226.12,3493,226.59,371415,227.832475
2025-08-11 16:00:00+00:00,228.39,229.53,228.17,2994,228.64,294421,228.800411
2025-08-11 17:00:00+00:00,227.245,228.595,227.025,2276,228.385,228401,227.943623
2025-08-11 18:00:00+00:00,227.535,228.165,227.11,1727,227.27,146878,227.640001
2025-08-11 19:00:00+00:00,227.22,227.91,226.665,2540,227.57,219351,227.328246
2025-08-12 13:00:00+00:00,227.92,229.91,227.155,2286,228.03,200610,228.429488
2025-08-12 14:00:00+00:00,229.525,229.7,227.32,2244,227.885,194877,228.553371
2025-08-12 15:00:00+00:00,229.75,230.565,228.35,2749,229.52,269281,229.696244
2025-08-12 16:00:00+00:00,230.39,230.78,229.49,1422,229.69,134982,230.102022
2025-08-12 17:00:00+00:00,229.96,230.65,229.525,1498,230.415,130098,230.11667
2025-08-12 18:00:00+00:00,229.3,230.1,229.03,1299,229.95,89185,229.49086
2025-08-12 19:00:00+00:00,229.63,229.965,228.955,2645,229.305,230356,229.514325
2025-08-13 13:00:00+00:00,231.73,232.18,230.455,1910,231.05,149128,231.405494
2025-08-13 14:00:00+00:00,233.57,234.54,231.18,3879,231.75,331097,232.58184
2025-08-13 15:00:00+00:00,232.78,233.895,231.72,2338,233.53,183017,232.714884
2025-08-13 16:00:00+00:00,232.12,233.4,232.09,1713,232.65,166594,232.790879
2025-08-13 17:00:00+00:00,233.14,233.19,231.57,1343,232.12,112434,232.181293
2025-08-13 18:00:00+00:00,233.075,234.91,230.87,3454,233.09,304835,233.155565
2025-08-13 19:00:00+00:00,233.22,234.29,233.07,3383,233.095,339201,233.636225
2025-08-14 13:00:00+00:00,233.42,235.1,232.91,1774,234.01,120402,233.882532
2025-08-14 14:00:00+00:00,231.64,233.39,231.555,2396,233.36,207995,232.126511
2025-08-14 15:00:00+00:00,231.305,232.285,230.88,2114,231.65,197459,231.391524
2025-08-14 16:00:00+00:00,232.49,232.52,231.33,979,231.365,74664,231.809581
2025-08-14 17:00:00+00:00,232.75,233.13,232.47,918,232.54,63360,232.839795
2025-08-14 18:00:00+00:00,232.99,233.35,232.35,1210,232.65,107874,232.664255
2025-08-14 19:00:00+00:00,232.78,233.5,232.715,2389,232.97,199661,233.001314
2025-08-15 13:00:00+00:00,232.02,234.19,231.8,1607,233.915,119189,232.869013
2025-08-15 14:00:00+00:00,230.94,232.67,230.76,2405,232.03,214373,231.810448
2025-08-15 15:00:00+00:00,231.05,231.55,230.49,1923,230.87,152664,231.033703
2025-08-15 16:00:00+00:00,230.9,231.35,230.49,1201,231.01,100701,230.895826
2025-08-15 17:00:00+00:00,230.87,231.22,230.25,1354,230.9,94040,230.70251
2025-08-15 18:00:00+00:00,230.83,231.28,229.37,1960,230.87,160884,230.558122
2025-08-15 19:00:00+00:00,231.65,231.75,230.59,2792,230.765,215457,231.340589
2025-08-18 13:00:00+00:00,232.29,232.69,231.37,1941,231.72,184165,232.016969
2025-08-18 14:00:00+00:00,230.52,233.12,230.39,1980,232.295,167508,231.433736
2025-08-18 15:00:00+00:00,230.89,231.22,230.48,1420,230.58,93586,230.869311
2025-08-18 16:00:00+00:00,230.595,231.095,230.11,1282,230.87,102100,230.621498
2025-08-18 17:00:00+00:00,231.08,231.65,230.595,857,230.595,67947,231.061884
2025-08-18 18:00:00+00:00,231.46,231.56,230.96,1042,230.99,93180,231.248566
2025-08-18 19:00:00+00:00,230.895,231.675,230.89,1776,231.47,126790,231.337009
2025-08-19 13:00:00+00:00,232.045,232.26,230.62,1225,231.3,116748,231.483176
2025-08-19 14:00:00+00:00,230.88,232.855,230.8,1738,232.15,138814,231.987055
2025-08-19 15:00:00+00:00,231.395,231.62,230.47,1839,230.9,150554,231.189474
2025-08-19 16:00:00+00:00,230.745,231.53,230.71,891,231.405,76250,231.053046
2025-08-19 17:00:00+00:00,230.82,230.88,230.09,906,230.56,70522,230.553082
2025-08-19 18:00:00+00:00,229.805,230.77,229.59,1102,230.76,90156,230.046522
2025-08-19 19:00:00+00:00,230.56,230.68,229.35,1947,229.78,143849,230.196274
2025-08-20 13:00:00+00:00,227.3,230.36,226.5,2150,230.03,154831,227.834814
2025-08-20 14:00:00+00:00,226.57,227.76,226.24,3494,227.29,268528,226.945254
2025-08-20 15:00:00+00:00,226.54,227.54,226.12,1918,226.57,142301,226.852831
2025-08-20 16:00:00+00:00,226.27,227.13,225.905,1555,226.55,119197,226.651354
2025-08-20 17:00:00+00:00,226.37,226.82,226.17,1349,226.26,93434,226.563831
2025-08-20 18:00:00+00:00,226.09,226.52,225.78,1725,226.37,118344,226.169184
2025-08-20 19:00:00+00:00,225.975,226.93,225.955,3182,226.09,270407,226.455753
2025-08-21 13:00:00+00:00,225.23,226.5,224.7,1249,225.7,90575,225.582554
2025-08-21 14:00:00+00:00,225.27,225.99,225.03,1776,225.185,133784,225.479082
2025-08-21 15:00:00+00:00,225.28,225.83,224.51,1415,225.29,157809,225.273744
2025-08-21 16:00:00+00:00,224.6,225.26,224.55,715,225.26,53013,224.926524
2025-08-21 17:00:00+00:00,224.57,224.8,223.8,1492,224.595,118078,224.350715
2025-08-21 18:00:00+00:00,224.5,224.57,224.11,755,224.5,59809,224.370746
2025-08-21 19:00:00+00:00,224.9,225.22,224.39,1887,224.485,158874,224.800015
2025-08-22 13:00:00+00:00,225.955,226.98,225.435,1620,226.165,118418,226.236472
2025-08-22 14:00:00+00:00,228.19,228.66,226.11,4756,226.21,366003,227.922069
2025-08-22 15:00:00+00:00,227.375,228.7,227.34,1880,228.195,134895,228.166519
2025-08-22 16:00:00+00:00,227.29,227.44,226.95,1485,227.32,101437,227.20065
2025-08-22 17:00:00+00:00,227.9,229.09,227.18,2414,227.24,187629,228.281831
2025-08-22 18:00:00+00:00,228.21,228.51,227.8,1800,227.91,122491,228.221817
2025-08-22 19:00:00+00:00,227.74,228.36,227.49,2975,228.22,241994,227.796965
2025-08-25 13:00:00+00:00,228.54,229.035,226.255,1636,226.77,115091,227.945249
2025-08-25 14:00:00+00:00,228.93,229.22,228.095,2197,228.62,152511,228.645561
2025-08-25 15:00:00+00:00,229.18,229.3,228.48,1239,228.85,88948,228.845423
2025-08-25 16:00:00+00:00,228.51,229.17,228.35,958,229.15,70438,228.647203
2025-08-25 17:00:00+00:00,228.29,228.74,228.29,1071,228.51,75318,228.512181
2025-08-25 18:00:00+00:00,227.55,228.36,227.47,1440,228.33,123711,227.817182
2025-08-25 19:00:00+00:00,227.15,227.83,227.15,1979,227.55,136076,227.521238
2025-08-26 13:00:00+00:00,225.235,227.04,224.7,1834,226.8,132542,225.822328
2025-08-26 14:00:00+00:00,226.615,227.04,224.94,3071,225.33,252735,226.007333
2025-08-26 15:00:00+00:00,226.695,227.27,226.56,1373,226.625,96286,226.916389
2025-08-26 16:00:00+00:00,227.71,227.96,226.72,1296,226.72,92081,227.47837
2025-08-26 17:00:00+00:00,228.005,228.16,227.65,1037,227.695,72945,227.898277
2025-08-26 18:00:00+00:00,227.975,228.52,227.9,1215,227.985,98537,228.166486
2025-08-26 19:00:00+00:00,229.3,229.43,227.73,2442,227.92,177763,228.526887
2025-08-27 13:00:00+00:00,229.75,230.24,228.3,1731,228.7,140302,229.26806
2025-08-27 14:00:00+00:00,230.18,230.71,229.3,2658,229.755,236889,229.953053
2025-08-27 15:00:00+00:00,229.94,230.3,229.32,1548,230.19,105801,229.847315
2025-08-27 16:00:00+00:00,229.78,230.08,229.635,926,229.895,71987,229.848667
2025-08-27 17:00:00+00:00,229.99,230.085,229.67,806,229.76,58291,229.929903
2025-08-27 18:00:00+00:00,230.15,230.675,229.9,1207,229.97,100509,230.355114
2025-08-27 19:00:00+00:00,230.5,230.9,229.73,2652,230.12,237079,230.491523
2025-08-27 20:00:00+00:00,231.28,231.28,231.01,2,231.01,200,231.145
2025-08-28 13:00:00+00:00,230.49,230.88,229.34,1623,230.75,126461,230.187898
2025-08-28 14:00:00+00:00,231.35,231.86,230.01,2219,230.43,167039,230.893069
2025-08-28 15:00:00+00:00,231.54,231.785,230.73,1541,231.36,118530,231.3518
2025-08-28 16:00:00+00:00,232.44,232.58,231.435,2056,231.56,172071,232.137087
2025-08-28 17:00:00+00:00,233.165,233.375,232.4,1834,232.46,155099,232.983676
2025-08-28 18:00:00+00:00,232.85,233.4,232.69,1666,233.15,134035,233.023982
2025-08-28 19:00:00+00:00,232.595,233.3,232.53,3634,232.84,285431,232.899528
2025-08-29 13:00:00+00:00,232.605,233.31,231.86,1610,232.99,119879,232.592937
2025-08-29 14:00:00+00:00,232.85,233.15,231.38,3056,232.63,266016,232.369922
2025-08-29 15:00:00+00:00,231.665,233.07,231.41,2322,232.82,198531,232.328617
2025-08-29 16:00:00+00:00,232.86,232.96,231.75,1691,231.75,157780,232.469931
2025-08-29 17:00:00+00:00,232.325,232.86,231.99,1264,232.83,114848,232.284988
2025-08-29 18:00:00+00:00,232.15,232.47,231.97,1387,232.31,122064,232.23768
2025-08-29 19:00:00+00:00,232.27,232.83,231.57,2926,232.17,228463,232.228622
2025-09-02 12:00:00+00:00,229.66,229.66,229.66,1,229.66,100,229.66
2025-09-02 13:00:00+00:00,230.16,230.42,227.7,2813,229.3,238543,228.999946
2025-09-02 14:00:00+00:00,228.15,230.78,228.02,3710,230.19,293159,229.875808
2025-09-02 15:00:00+00:00,227.36,228.41,227.17,2599,228.03,203782,227.774769
2025-09-02 16:00:00+00:00,228.02,228.15,227.41,1381,227.445,95669,227.845921
2025-09-02 17:00:00+00:00,228.61,229.34,227.85,1221,227.98,83192,228.573104
2025-09-02 18:00:00+00:00,228.57,228.9,228.35,1023,228.585,68342,228.562273
2025-09-02 19:00:00+00:00,229.69,229.87,227.0,3206,228.67,247779,229.15969
2025-09-02 20:00:00+00:00,236.78,239.37,234.07,121,234.07,15193,237.608547
2025-09-03 13:00:00+00:00,235.64,237.96,234.44,4323,237.21,404156,235.85781
2025-09-03 14:00:00+00:00,237.01,237.6,235.13,5521,235.61,505008,236.638486
2025-09-03 15:00:00+00:00,235.615,237.16,235.52,2969,237.04,254740,236.218994
2025-09-03 16:00:00+00:00,237.09,237.35,235.53,1876,235.57,139693,236.572075
2025-09-03 17:00:00+00:00,237.07,237.87,236.645,2167,237.035,185719,237.33781
2025-09-03 18:00:00+00:00,236.94,237.25,236.765,1687,237.05,129909,236.922054
2025-09-03 19:00:00+00:00,238.485,238.655,236.83,4299,236.94,369133,237.717024
2025-09-04 13:00:00+00:00,239.5,239.89,237.075,2735,238.48,242443,238.704708
2025-09-04 14:00:00+00:00,237.46,239.58,237.16,3071,239.54,237869,238.039114
2025-09-04 15:00:00+00:00,237.39,238.09,236.77,2249,237.515,187812,237.355283
2025-09-04 16:00:00+00:00,237.52,237.67,237.01,1221,237.43,84617,237.397617
2025-09-04 17:00:00+00:00,238.13,238.21,237.5,1683,237.5,126520,237.865189
2025-09-04 18:00:00+00:00,238.475,238.7,237.89,1655,238.15,128865,238.255045
2025-09-04 19:00:00+00:00,239.71,239.895,238.34,4539,238.48,414857,239.337342
2025-09-05 13:00:00+00:00,240.09,240.63,239.21,2714,239.995,263272,240.068165
2025-09-05 14:00:00+00:00,239.0,241.32,238.63,5085,240.085,502601,239.818719
2025-09-05 15:00:00+00:00,239.04,240.315,238.82,3170,239.01,306330,239.61106
2025-09-05 16:00:00+00:00,239.315,239.72,238.53,2494,238.99,227683,239.130842
2025-09-05 17:00:00+00:00,238.87,239.725,238.74,1748,239.18,156389,239.31095
2025-09-05 18:00:00+00:00,239.94,239.98,238.86,2119,238.885,189941,239.508276
2025-09-05 19:00:00+00:00,239.67,240.13,239.07,3894,239.96,358411,239.731179
2025-09-08 12:00:00+00:00,239.94,239.94,239.94,1,239.94,100,239.94
2025-09-08 13:00:00+00:00,239.335,240.37,238.77,2379,239.91,224004,239.544651
2025-09-08 14:00:00+00:00,239.15,239.835,238.835,2727,239.34,255761,239.37603
2025-09-08 15:00:00+00:00,238.29,239.565,238.0,2192,239.13,221336,238.673901
2025-09-08 16:00:00+00:00,236.965,238.37,236.86,1736,238.27,173878,237.653536
2025-09-08 17:00:00+00:00,237.76,237.95,236.34,1874,236.995,194131,237.383416
2025-09-08 18:00:00+00:00,236.87,237.84,236.62,1931,237.77,201999,237.308375
2025-09-08 19:00:00+00:00,237.9,237.97,236.75,3263,236.88,281979,237.476461
2025-09-09 13:00:00+00:00,236.82,237.99,236.22,2013,236.93,143892,236.878688
2025-09-09 14:00:00+00:00,236.54,236.91,235.79,2583,236.84,224538,236.367759
2025-09-09 15:00:00+00:00,235.68,236.63,235.58,1630,236.54,130556,236.097353
2025-09-09 16:00:00+00:00,236.64,236.64,235.56,1909,235.68,164218,236.020235
2025-09-09 17:00:00+00:00,236.53,238.77,236.33,5480,236.615,498654,237.473219
2025-09-09 18:00:00+00:00,233.745,236.76,233.38,6139,236.52,581058,234.472666
2025-09-09 19:00:00+00:00,234.35,234.62,233.515,4548,233.73,388849,234.162439
2025-09-09 20:00:00+00:00,233.18,233.18,233.11,44,233.11,1343,233.154059
2025-09-10 12:00:00+00:00,233.12,233.12,233.12,3,233.12,177,233.12
2025-09-10 13:00:00+00:00,229.56,232.45,228.89,5100,232.15,458559,230.266773
2025-09-10 14:00:00+00:00,227.74,229.77,227.36,6753,229.535,592880,228.378977
2025-09-10 15:00:00+00:00,227.285,228.1,226.27,5073,227.745,493489,227.172252
2025-09-10 16:00:00+00:00,227.38,228.045,226.82,3469,227.33,298384,227.376451
2025-09-10 17:00:00+00:00,226.705,227.73,226.59,2693,227.42,241089,227.00493
2025-09-10 18:00:00+00:00,226.89,227.34,226.36,2738,226.64,237002,226.770601
2025-09-10 19:00:00+00:00,226.81,227.06,225.955,4834,226.88,433042,226.539949
2025-09-11 13:00:00+00:00,229.025,229.11,226.66,1986,226.77,146568,228.028342
2025-09-11 14:00:00+00:00,229.04,229.28,228.34,2981,229.045,227333,228.889448
2025-09-11 15:00:00+00:00,228.41,229.31,228.2,2333,229.03,176498,228.646442
2025-09-11 16:00:00+00:00,228.75,228.78,228.035,1189,228.4,78603,228.501553
2025-09-11 17:00:00+00:00,230.06,230.145,228.66,1650,228.755,119859,229.433689
2025-09-11 18:00:00+00:00,229.86,230.135,229.2,2072,230.08,189426,229.780777
2025-09-11 19:00:00+00:00,229.99,230.45,229.45,3863,229.875,394268,230.076567
2025-09-12 12:00:00+00:00,229.36,229.36,228.57,35,229.11,1620,229.045556
2025-09-12 13:00:00+00:00,231.12,231.14,229.03,1619,229.27,132578,230.020028
2025-09-12 14:00:00+00:00,233.91,234.5,230.945,5385,231.105,566878,233.232851
2025-09-12 15:00:00+00:00,234.0,234.49,233.38,3168,233.98,291727,233.983197
2025-09-12 16:00:00+00:00,233.14,234.23,233.135,1732,234.0,153312,233.833879
2025-09-12 17:00:00+00:00,233.68,233.87,233.0,1622,233.125,133849,233.395704
2025-09-12 18:00:00+00:00,234.0,234.22,233.07,2254,233.67,186451,233.655937
2025-09-12 19:00:00+00:00,234.04,234.435,233.54,3512,234.02,300650,234.001507
2025-09-15 13:00:00+00:00,235.3,238.19,235.06,3483,236.74,312536,236.524782
2025-09-15 14:00:00+00:00,236.965,237.0,235.055,3621,235.34,305105,235.909895
2025-09-15 15:00:00+00:00,237.09,237.28,236.425,2610,236.96,198982,236.861379
2025-09-15 16:00:00+00:00,236.23,237.04,236.085,2067,237.04,168908,236.610354
2025-09-15 17:00:00+00:00,236.02,236.37,235.59,1545,236.22,112195,235.957116
2025-09-15 18:00:00+00:00,236.17,236.17,235.27,1621,236.03,124391,235.794718
2025-09-15 19:00:00+00:00,236.745,236.79,235.69,3815,236.21,306427,236.167609
2025-09-16 13:00:00+00:00,240.375,240.52,236.36,3466,236.99,322338,238.499425
2025-09-16 14:00:00+00:00,238.98,241.21,238.74,4345,240.39,398064,240.092252
2025-09-16 15:00:00+00:00,238.71,239.84,238.245,1869,239.0,143716,239.036328
2025-09-16 16:00:00+00:00,239.15,239.38,238.675,1244,238.675,89515,239.099401
2025-09-16 17:00:00+00:00,238.295,239.38,238.13,1705,239.145,116127,238.825115
2025-09-16 18:00:00+00:00,239.06,239.11,238.215,1899,238.31,145250,238.838367
2025-09-16 19:00:00+00:00,238.14,239.595,238.08,2940,239.06,236801,238.937027
2025-09-17 13:00:00+00:00,239.23,240.055,238.81,2177,238.97,179444,239.515664
2025-09-17 14:00:00+00:00,239.55,240.0,239.08,2265,239.295,180923,239.671066
2025-09-17 15:00:00+00:00,239.6,239.77,239.22,1477,239.54,112174,239.484529
2025-09-17 16:00:00+00:00,239.56,239.77,239.3,1350,239.59,106795,239.54761
2025-09-17 17:00:00+00:00,239.44,239.615,238.94,1355,239.57,101511,239.347762
2025-09-17 18:00:00+00:00,238.55,239.81,237.75,2754,239.75,227699,238.807691
2025-09-17 19:00:00+00:00,238.98,239.45,238.49,3750,238.63,301796,238.953946
2025-09-18 13:00:00+00:00,238.445,241.155,237.64,2282,239.25,195292,238.937789
2025-09-18 14:00:00+00:00,238.22,238.41,236.675,3559,238.395,311950,237.63849
2025-09-18 15:00:00+00:00,237.58,238.78,237.36,2006,238.26,156631,238.264298
2025-09-18 16:00:00+00:00,237.95,238.165,237.465,1772,237.58,138093,237.878259
2025-09-18 17:00:00+00:00,237.39,238.21,237.23,1735,237.98,137438,237.815262
2025-09-18 18:00:00+00:00,237.73,238.02,237.33,1669,237.37,131877,237.760643
2025-09-18 19:00:00+00:00,237.87,238.11,237.26,3865,237.69,312433,237.720253
2025-09-19 13:00:00+00:00,240.88,242.67,240.475,2961,241.44,282438,241.321073
2025-09-19 14:00:00+00:00,242.87,243.13,240.25,2978,240.86,287745,241.5433
2025-09-19 15:00:00+00:00,243.27,243.37,241.81,2245,242.95,212937,242.5794
2025-09-19 16:00:00+00:00,245.19,245.915,243.21,3185,243.31,280193,244.661994
2025-09-19 17:00:00+00:00,245.31,245.85,244.91,1982,245.165,146159,245.207875
2025-09-19 18:00:00+00:00,245.52,246.24,244.98,2541,245.41,203158,245.700835
2025-09-19 19:00:00+00:00,245.32,246.12,244.76,4835,245.51,438203,245.412828
2025-09-19 20:00:00+00:00,245.39,245.39,245.38,8,245.38,609,245.387817
2025-09-22 13:00:00+00:00,251.12,251.32,248.16,5574,248.34,483183,250.273012
2025-09-22 14:00:00+00:00,253.605,253.665,250.84,5657,251.12,521740,252.155693
2025-09-22 15:00:00+00:00,256.07,256.63,253.39,7372,253.61,749794,255.063694
2025-09-22 16:00:00+00:00,254.215,256.305,253.17,4674,256.07,448311,254.244165
2025-09-22 17:00:00+00:00,254.11,254.92,253.525,3219,254.205,272117,254.245279
2025-09-22 18:00:00+00:00,255.37,255.75,254.04,2777,254.1,246460,255.091056
2025-09-22 19:00:00+00:00,256.12,256.25,255.32,5257,255.36,469396,255.869508
2025-09-23 13:00:00+00:00,256.185,257.285,255.05,3454,255.05,351921,256.433213
2025-09-23 14:00:00+00:00,255.28,257.0,255.01,3930,256.2,350781,255.904402
2025-09-23 15:00:00+00:00,255.96,256.37,255.235,2879,255.31,223095,255.737919
2025-09-23 16:00:00+00:00,255.09,256.19,254.69,1919,255.96,141123,255.617826
2025-09-23 17:00:00+00:00,254.35,255.23,253.945,3511,255.02,270036,254.602776
2025-09-23 18:00:00+00:00,254.13,254.95,253.985,2251,254.325,172650,254.422308
2025-09-23 19:00:00+00:00,254.45,254.49,253.61,3707,254.165,307760,254.044961
2025-09-24 13:00:00+00:00,253.27,255.68,252.29,2416,254.95,211914,253.264978
2025-09-24 14:00:00+00:00,252.2,253.29,251.73,3247,253.275,377156,252.270017
2025-09-24 15:00:00+00:00,251.405,252.31,251.28,2950,252.22,293243,251.813575
2025-09-24 16:00:00+00:00,251.49,252.25,251.04,2393,251.42,173398,251.602021
2025-09-24 17:00:00+00:00,251.5,252.11,251.32,1553,251.54,102008,251.572037
2025-09-24 18:00:00+00:00,251.74,251.84,251.27,1808,251.49,127811,251.571566
2025-09-24 19:00:00+00:00,252.22,252.46,251.255,2992,251.72,220191,251.851358
2025-09-25 12:00:00+00:00,252.14,252.14,252.14,7,252.14,310,252.14
2025-09-25 13:00:00+00:00,252.28,254.23,251.72,2460,252.89,205647,252.741051
2025-09-25 14:00:00+00:00,253.67,254.11,252.16,1940,252.31,136368,253.475565
2025-09-25 15:00:00+00:00,252.87,254.11,252.83,1514,253.71,117428,253.630443
2025-09-25 16:00:00+00:00,253.245,253.35,252.33,1810,252.845,179240,252.871689
2025-09-25 17:00:00+00:00,253.25,253.87,253.125,1985,253.25,230001,253.506764
2025-09-25 18:00:00+00:00,255.97,256.08,252.855,3479,253.2,401850,254.81685
2025-09-25 19:00:00+00:00,256.91,257.17,255.43,4430,255.93,395651,256.407334
2025-09-26 13:00:00+00:00,256.305,256.325,253.79,2545,254.005,209818,255.223975
2025-09-26 14:00:00+00:00,254.99,256.6,254.38,3010,256.28,240206,255.105843
2025-09-26 15:00:00+00:00,255.08,256.025,254.88,2163,255.0,164166,255.388513
2025-09-26 16:00:00+00:00,256.35,256.37,254.95,1790,255.09,126028,255.52651
2025-09-26 17:00:00+00:00,256.1,257.28,255.89,2125,256.34,155422,256.49122
2025-09-26 18:00:00+00:00,256.21,256.775,255.99,2206,256.12,222409,256.45169
2025-09-26 19:00:00+00:00,255.45,256.2,254.91,3351,256.19,242565,255.385336
2025-09-29 13:00:00+00:00,253.695,254.82,253.02,1724,254.545,134578,253.816651
2025-09-29 14:00:00+00:00,253.93,254.48,253.28,2585,253.8,204142,254.009661
2025-09-29 15:00:00+00:00,253.49,254.16,253.12,2287,253.97,172673,253.619452
2025-09-29 16:00:00+00:00,253.335,254.07,253.26,1167,253.535,79095,253.661331
2025-09-29 17:00:00+00:00,253.35,253.5,253.135,1631,253.37,123752,253.327674
2025-09-29 18:00:00+00:00,254.06,254.61,253.36,1389,253.37,97717,254.062429
2025-09-29 19:00:00+00:00,254.37,254.81,253.63,2313,253.985,164446,254.172477
2025-09-30 13:00:00+00:00,255.53,255.59,253.97,1624,254.855,158522,254.80958
2025-09-30 14:00:00+00:00,255.5,255.915,254.59,2474,255.44,205296,255.24587
2025-09-30 15:00:00+00:00,254.815,255.67,253.85,2103,255.47,138380,254.649514
2025-09-30 16:00:00+00:00,254.07,254.98,254.065,1290,254.69,85424,254.470065
2025-09-30 17:00:00+00:00,253.725,254.22,253.32,1740,254.0,124198,253.715132
2025-09-30 18:00:00+00:00,254.21,254.24,253.13,1879,253.72,125967,253.693247
2025-09-30 19:00:00+00:00,254.56,255.165,253.51,2867,254.17,218915,254.436448
2025-10-01 13:00:00+00:00,256.47,258.78,254.91,2587,254.91,227499,256.75542
2025-10-01 14:00:00+00:00,255.58,257.325,255.42,2895,256.385,261047,256.203765
2025-10-01 15:00:00+00:00,256.11,256.11,255.12,1812,255.545,127152,255.552703
2025-10-01 16:00:00+00:00,256.46,256.89,255.945,1835,256.09,125401,256.370182
2025-10-01 17:00:00+00:00,256.44,256.79,255.86,1304,256.49,71808,256.29107
2025-10-01 18:00:00+00:00,256.74,256.74,256.25,1154,256.44,60817,256.490334
2025-10-01 19:00:00+00:00,255.43,256.94,255.29,2874,256.76,208232,255.757684
2025-10-02 12:00:00+00:00,256.19,256.2,256.19,4,256.19,501,256.194
2025-10-02 13:00:00+00:00,256.04,257.27,254.16,2279,255.95,220767,255.576457
2025-10-02 14:00:00+00:00,256.325,256.76,255.65,2272,256.035,191986,256.208278
2025-10-02 15:00:00+00:00,257.77,257.98,255.98,1660,256.26,124338,256.927548
2025-10-02 16:00:00+00:00,257.515,258.17,257.12,1133,257.78,76542,257.655396
2025-10-02 17:00:00+00:00,257.12,257.81,257.1,928,257.48,55944,257.441479
2025-10-02 18:00:00+00:00,257.91,258.155,257.13,1398,257.16,143420,257.670951
2025-10-02 19:00:00+00:00,257.43,257.95,256.995,2459,257.93,283674,257.439116
2025-10-03 12:00:00+00:00,254.25,254.25,254.16,7,254.18,360,254.196667
2025-10-03 13:00:00+00:00,258.195,259.02,253.96,3578,254.665,438125,257.436992
2025-10-03 14:00:00+00:00,258.16,258.78,257.37,2219,257.905,188720,258.226592
2025-10-03 15:00:00+00:00,258.405,259.22,257.95,2068,258.185,192586,258.583473
2025-10-03 16:00:00+00:00,258.795,258.925,258.2,1718,258.375,141745,258.593719
2025-10-03 17:00:00+00:00,257.45,258.78,257.14,1977,258.78,159956,258.049939
2025-10-03 18:00:00+00:00,258.355,258.585,256.97,1843,257.425,137493,258.042546
2025-10-03 19:00:00+00:00,258.04,258.41,257.425,2495,258.38,224472,257.861372
2025-10-06 12:00:00+00:00,258.22,258.85,258.22,5,258.85,270,258.535
2025-10-06 13:00:00+00:00,256.25,259.06,255.07,2724,258.4,321372,256.552355
2025-10-06 14:00:00+00:00,257.84,258.73,256.19,2589,256.265,221360,257.574806
2025-10-06 15:00:00+00:00,257.22,257.94,256.86,1720,257.845,139880,257.406929
2025-10-06 16:00:00+00:00,257.32,257.57,256.81,1326,257.13,115446,257.104607
2025-10-06 17:00:00+00:00,255.62,257.39,255.52,2148,257.37,156464,256.314897
2025-10-06 18:00:00+00:00,256.205,256.57,255.625,1796,255.63,112446,256.149489
2025-10-06 19:00:00+00:00,256.65,257.235,256.155,2352,256.26,177829,256.73839
2025-10-07 13:00:00+00:00,257.145,257.39,256.3,1323,256.92,102406,256.939363
2025-10-07 14:00:00+00:00,255.925,257.23,255.61,3155,257.11,611824,256.399178
2025-10-07 15:00:00+00:00,256.34,257.08,255.91,2350,255.91,195829,256.367295
2025-10-07 16:00:00+00:00,256.09,256.65,255.895,1652,256.29,161910,256.168879
2025-10-07 17:00:00+00:00,255.85,256.2,255.44,1481,256.06,139928,255.884044
2025-10-07 18:00:00+00:00,256.15,256.2,255.57,1523,255.84,123973,255.95191
2025-10-07 19:00:00+00:00,256.48,256.605,255.91,3098,256.17,326829,256.19455
2025-10-08 13:00:00+00:00,257.185,257.89,256.125,1655,256.53,149919,256.955462
2025-10-08 14:00:00+00:00,257.61,258.15,257.19,1872,257.21,139341,257.594792
2025-10-08 15:00:00+00:00,257.95,258.44,257.57,1339,257.57,86226,258.011462
2025-10-08 16:00:00+00:00,257.8,258.5,257.63,1382,257.93,92706,258.079754
2025-10-08 17:00:00+00:00,257.815,258.19,257.68,1480,257.84,117363,257.883264
2025-10-08 18:00:00+00:00,257.84,258.18,257.66,1127,257.875,72425,257.940298
2025-10-08 19:00:00+00:00,258.02,258.45,257.75,2655,257.815,208294,258.143208
2025-10-09 13:00:00+00:00,255.18,257.96,254.78,1425,257.95,110906,256.245787
2025-10-09 14:00:00+00:00,254.93,255.79,254.58,2026,255.185,150555,255.157123
2025-10-09 15:00:00+00:00,254.09,255.21,253.82,2120,254.97,153855,254.543864
2025-10-09 16:00:00+00:00,253.77,254.72,253.55,1799,254.13,115632,254.133408
2025-10-09 17:00:00+00:00,253.62,253.88,253.14,1483,253.74,85232,253.481358
2025-10-09 18:00:00+00:00,253.81,253.84,253.32,1538,253.63,91719,253.598046
2025-10-09 19:00:00+00:00,254.03,254.29,253.56,2582,253.79,185022,253.919026
2025-10-10 13:00:00+00:00,255.485,256.36,254.54,1264,254.915,102826,255.405818
2025-10-10 14:00:00+00:00,253.07,255.97,252.57,1921,255.625,141286,254.970993
2025-10-10 15:00:00+00:00,248.75,253.11,248.4,6685,253.11,526306,250.095857
2025-10-10 16:00:00+00:00,247.495,249.015,247.33,2464,248.77,187921,248.172021
2025-10-10 17:00:00+00:00,247.96,248.555,247.07,2359,247.435,159555,247.840285
2025-10-10 18:00:00+00:00,246.005,248.05,245.84,2436,248.05,160152,246.893136
2025-10-10 19:00:00+00:00,245.295,246.98,244.66,4160,246.0,308065,245.709047
2025-10-13 13:00:00+00:00,246.64,249.305,245.6,2409,249.305,148736,247.098865
2025-10-13 14:00:00+00:00,246.83,247.6,246.17,2507,246.635,184072,246.977701
2025-10-13 15:00:00+00:00,248.79,248.97,246.74,1807,246.935,118055,248.120943
2025-10-13 16:00:00+00:00,249.5,249.58,248.57,1206,248.78,84574,249.015323
2025-10-13 17:00:00+00:00,249.02,249.67,248.72,1061,249.59,68769,249.092772
2025-10-13 18:00:00+00:00,248.46,249.3,248.35,1383,249.04,83225,248.923756
2025-10-13 19:00:00+00:00,247.54,248.715,247.34,2906,248.5,190859,248.071853
2025-10-14 13:00:00+00:00,246.23,246.99,244.77,1991,246.615,134899,245.883754
2025-10-14 14:00:00+00:00,247.24,247.7,245.875,2165,246.24,154438,246.877598
2025-10-14 15:00:00+00:00,247.37,247.69,246.12,1422,247.28,110346,246.72649
2025-10-14 16:00:00+00:00,247.625,248.02,246.85,914,247.36,55330,247.453758
2025-10-14 17:00:00+00:00,247.59,247.9,247.19,993,247.575,73152,247.594175
2025-10-14 18:00:00+00:00,247.93,247.95,247.16,1007,247.61,69764,247.497352
2025-10-14 19:00:00+00:00,247.96,248.83,246.73,3476,247.95,265443,248.008302
2025-10-15 12:00:00+00:00,248.89,248.89,248.89,6,248.89,265,248.89
2025-10-15 13:00:00+00:00,250.685,250.72,248.72,1777,249.425,151319,249.696937
2025-10-15 14:00:00+00:00,250.52,251.785,250.28,3332,250.77,263095,251.003387
2025-10-15 15:00:00+00:00,248.95,250.83,248.72,2551,250.63,163297,249.824571
2025-10-15 16:00:00+00:00,249.045,250.01,248.7,1754,248.945,118312,249.476393
2025-10-15 17:00:00+00:00,249.61,249.705,247.47,1871,248.99,119802,248.55727
2025-10-15 18:00:00+00:00,249.95,249.99,249.26,1364,249.51,80486,249.658957
2025-10-15 19:00:00+00:00,249.405,250.11,248.18,3102,249.95,216301,249.274113
2025-10-16 13:00:00+00:00,247.56,248.84,246.22,2362,248.73,182668,247.578177
2025-10-16 14:00:00+00:00,248.58,248.89,246.92,2005,247.56,142693,247.803994
2025-10-16 15:00:00+00:00,247.955,248.99,247.54,1713,248.61,114251,248.31771
2025-10-16 16:00:00+00:00,247.59,248.13,246.07,2264,247.91,165224,247.188169
2025-10-16 17:00:00+00:00,246.545,247.705,246.22,1839,247.57,118457,246.883555
2025-10-16 18:00:00+00:00,246.62,246.71,245.16,2195,246.56,166898,245.912334
2025-10-16 19:00:00+00:00,247.45,247.85,246.3,2844,246.62,209528,246.969734
2025-10-17 13:00:00+00:00,248.42,249.06,247.29,2016,248.01,125406,248.110695
2025-10-17 14:00:00+00:00,248.905,250.29,248.26,2650,248.5,164704,249.403519
2025-10-17 15:00:00+00:00,249.56,249.78,248.14,2572,248.905,171990,248.829934
2025-10-17 16:00:00+00:00,251.16,251.34,249.47,3425,249.57,279984,250.485505
2025-10-17 17:00:00+00:00,251.325,251.355,250.27,2316,251.13,160042,250.858702
2025-10-17 18:00:00+00:00,252.28,252.53,251.34,2904,251.34,191030,251.972424
2025-10-17 19:00:00+00:00,252.34,253.38,252.12,5121,252.27,455068,252.726886
2025-10-17 20:00:00+00:00,252.59,252.59,252.59,1,252.59,100,252.59
2025-10-20 12:00:00+00:00,256.73,256.73,256.61,5,256.61,450,256.67
2025-10-20 13:00:00+00:00,258.975,259.78,255.66,3541,255.96,311135,258.336663
2025-10-20 14:00:00+00:00,261.58,261.6,258.08,6041,258.95,501735,259.51366
2025-10-20 15:00:00+00:00,263.27,264.345,261.57,7398,261.57,626442,263.154187
2025-10-20 16:00:00+00:00,263.62,264.22,262.66,4647,263.38,406835,263.338546
2025-10-20 17:00:00+00:00,262.93,264.2,262.83,3317,263.61,279295,263.433287
2025-10-20 18:00:00+00:00,263.3,263.83,262.79,2574,262.95,190153,263.410262
2025-10-20 19:00:00+00:00,262.245,263.85,261.94,5323,263.3,462915,263.162396
2025-10-21 12:00:00+00:00,261.92,261.92,261.92,1,261.92,100,261.92
2025-10-21 13:00:00+00:00,263.805,265.26,262.025,4751,262.04,413317,263.667053
2025-10-21 14:00:00+00:00,263.05,264.62,262.53,4324,263.79,303261,263.531674
2025-10-21 15:00:00+00:00,264.125,264.535,262.5,2940,263.06,203593,263.572086
2025-10-21 16:00:00+00:00,263.11,264.355,262.86,2413,264.11,168245,263.345192
2025-10-21 17:00:00+00:00,263.77,263.88,262.85,2281,263.05,152901,263.441357
2025-10-21 18:00:00+00:00,263.425,264.04,262.25,2468,263.82,168242,263.51592
2025-10-21 19:00:00+00:00,262.73,263.56,262.62,3703,263.43,253703,263.141544
2025-10-22 13:00:00+00:00,260.48,262.81,259.95,2041,262.765,126277,260.814742
2025-10-22 14:00:00+00:00,260.74,261.335,259.75,3342,260.395,225966,260.557653
2025-10-22 15:00:00+00:00,259.305,260.71,257.78,4302,260.71,304973,258.960224
2025-10-22 16:00:00+00:00,257.66,259.4,256.425,3765,259.32,259974,257.994983
2025-10-22 17:00:00+00:00,256.32,257.8,255.445,4010,257.58,274911,256.427991
2025-10-22 18:00:00+00:00,256.97,257.07,256.24,3116,256.34,209118,256.631778
2025-10-22 19:00:00+00:00,258.4,258.79,256.52,4750,256.99,343781,257.788219
2025-10-23 13:00:00+00:00,258.38,260.055,258.02,2119,258.44,155845,258.785762
2025-10-23 14:00:00+00:00,259.62,259.625,258.19,2497,258.71,199993,259.058976
2025-10-23 15:00:00+00:00,260.22,260.55,258.97,3192,259.64,244758,259.556812
2025-10-23 16:00:00+00:00,260.27,260.59,259.92,1887,260.18,122653,260.219299
2025-10-23 17:00:00+00:00,260.2,260.53,259.59,2044,260.32,136811,260.089516
2025-10-23 18:00:00+00:00,259.83,260.41,259.67,1921,260.25,156540,259.957285
2025-10-23 19:00:00+00:00,259.59,260.02,259.1,3409,259.865,284762,259.686677
2025-10-24 13:00:00+00:00,260.22,261.575,259.2,1632,261.18,126344,259.982242
2025-10-24 14:00:00+00:00,261.85,262.335,259.92,3376,260.255,261344,261.161199
2025-10-24 15:00:00+00:00,263.33,263.78,261.84,4219,261.85,263267,263.0267
2025-10-24 16:00:00+00:00,263.1,264.01,262.87,3183,263.4,211368,263.423582
2025-10-24 17:00:00+00:00,263.9,264.06,263.1,2536,263.1,174491,263.616245
2025-10-24 18:00:00+00:00,263.51,264.12,263.43,2596,263.89,170763,263.796052
2025-10-24 19:00:00+00:00,262.78,263.64,262.41,5241,263.53,377608,263.214367
2025-10-27 12:00:00+00:00,265.19,265.19,265.19,2,265.19,102,265.19
2025-10-27 13:00:00+00:00,266.27,266.66,264.68,2313,265.04,224117,265.781294
2025-10-27 14:00:00+00:00,265.4,267.03,265.2,4401,266.24,362018,266.140338
2025-10-27 15:00:00+00:00,265.41,266.1,265.05,2578,265.41,212437,265.516461
2025-10-27 16:00:00+00:00,265.57,266.12,265.25,2797,265.425,253038,265.884747
2025-10-27 17:00:00+00:00,265.865,266.02,265.515,1525,265.6,124662,265.777989
2025-10-27 18:00:00+00:00,266.23,266.32,265.48,1927,265.85,166287,265.836209
2025-10-27 19:00:00+00:00,268.75,269.04,266.03,5862,266.235,487502,267.845892
2025-10-28 13:00:00+00:00,268.975,269.85,268.28,2712,269.21,255026,269.137708
2025-10-28 14:00:00+00:00,268.82,269.1,268.16,2674,268.995,243827,268.616676
2025-10-28 15:00:00+00:00,268.9,269.06,268.31,2277,268.87,226761,268.731275
2025-10-28 16:00:00+00:00,269.58,269.84,268.7,3155,268.93,315548,269.088236
2025-10-28 17:00:00+00:00,268.92,269.74,268.805,2958,269.61,248726,269.289287
2025-10-28 18:00:00+00:00,269.105,269.27,268.78,2303,268.92,232170,269.074234
2025-10-28 19:00:00+00:00,269.01,269.43,268.69,4855,269.11,572109,269.076705
2025-10-29 13:00:00+00:00,270.915,271.24,268.76,1590,269.275,120849,270.193517
2025-10-29 14:00:00+00:00,268.84,271.39,268.615,2776,270.935,294268,269.973825
2025-10-29 15:00:00+00:00,267.77,269.21,267.11,3397,268.88,324520,268.208359
2025-10-29 16:00:00+00:00,268.87,269.11,267.745,2081,267.78,185636,268.665917
2025-10-29 17:00:00+00:00,270.55,270.66,268.88,3057,268.88,341225,269.955829
2025-10-29 18:00:00+00:00,269.6,270.92,268.69,3766,270.535,322173,270.083372
2025-10-29 19:00:00+00:00,269.82,270.36,267.8,4805,269.54,429739,269.01434
2025-10-30 13:00:00+00:00,271.03,274.12,270.65,3034,271.91,247952,271.943634
2025-10-30 14:00:00+00:00,268.9,271.33,268.5,4027,271.08,363290,269.564655
2025-10-30 15:00:00+00:00,271.15,271.73,268.89,4595,268.93,470180,270.670666
2025-10-30 16:00:00+00:00,271.3,272.34,271.17,3902,271.17,387796,271.779448
2025-10-30 17:00:00+00:00,271.99,272.07,271.06,3785,271.315,341908,271.587529
2025-10-30 18:00:00+00:00,271.37,272.3,271.19,5223,272.01,486022,271.719734
2025-10-30 19:00:00+00:00,271.32,271.69,271.0,8212,271.35,845117,271.357089
2025-10-30 20:00:00+00:00,282.55,284.35,265.9,349,273.01,29486,272.400597
2025-10-31 12:00:00+00:00,277.05,278.3,277.05,19,277.44,1215,277.748572
2025-10-31 13:00:00+00:00,270.435,277.27,269.21,7656,277.07,602125,272.568164
2025-10-31 14:00:00+00:00,270.59,271.53,269.19,4446,270.46,271712,270.384056
2025-10-31 15:00:00+00:00,271.47,271.54,270.25,3263,270.64,200377,270.890401
2025-10-31 16:00:00+00:00,271.62,273.15,270.825,3531,271.39,262222,272.316595
2025-10-31 17:00:00+00:00,271.39,271.77,270.12,2267,271.46,120574,270.942211
2025-10-31 18:00:00+00:00,271.7,272.06,271.25,1400,271.48,86991,271.621186
2025-10-31 19:00:00+00:00,270.41,272.64,270.02,6925,271.69,601050,271.676785
